,title,link,source
0,Your Stories,https://truthinrx.org/your-stories,TruthinRx
1,Our Stories,https://patientsforaffordabledrugs.org/our-stories/,Patients For Affordable Drugs
2,Patients Share the Harm that the Rising Cost of Medication ...,https://www.collins.senate.gov/newsroom/patients-share-harm-rising-cost-medication-has-their-health-and-finances,U.S. Senator Susan Collins (.gov)
3,"Patients Who Can't Afford Drugs, Commentary 2",https://journalofethics.ama-assn.org/article/patients-who-cant-afford-drugs-commentary-2/2002-11,American Medical Association
4,High drug prices mean you can't afford your medications? ...,https://www.usatoday.com/story/money/personalfinance/2016/02/02/high-drug-prices-help-afford-medications/79201120/,USA Today
5,Millions of adults skip medications due to their high cost,https://www.health.harvard.edu/blog/millions-skip-medications-due-to-their-high-cost-201501307673,Harvard Health
6,One Woman's Plight: She Can't Afford Medication,https://www.latimes.com/archives/la-xpm-1992-05-26-vw-90-story.html,Los Angeles Times
7,Millions in U.S. Lost Someone Who Couldn't Afford Treatment,https://news.gallup.com/poll/268094/millions-lost-someone-couldn-afford-treatment.aspx,Gallup News
8,Prescription Drug Costs Are Making Americans Sicker. ...,https://www.cnet.com/personal-finance/prescription-drug-costs-are-making-americans-sicker-heres-how-theyre-coping/,CNET
