,title,link,source
0,10 Ways To Save On Prescription Drug Costs,https://www.forbes.com/advisor/personal-finance/save-money-on-prescription-drugs/,Forbes
1,Low-Cost Alternatives to Some Pricey Brand-Name Drugs,https://www.consumerreports.org/drug-prices/product-hopping-drives-up-drug-prices-but-you-can-still-save-on-your-meds/,Consumer Reports
2,The prescription drug is 100x more expensive than ...,https://www.wcnc.com/article/news/health/the-prescription-drug-is-100x-more-expensive-than-alternative/275-292830659,WCNC
3,Substitutes of Prescription Medicines - A Review ...,https://www.ncbi.nlm.nih.gov/pmc/articles/PMC5620794/,National Institutes of Health (NIH) (.gov)
4,Save on prescriptions by switching to a cheaper alternative,https://www.singlecare.com/blog/save-money-medications-by-calling-doctor/,SingleCare
5,The high cost of prescription drugs: causes and solutions,https://www.nature.com/articles/s41408-020-0338-x,Nature
6,The economics of alternative payment models for ...,https://www.ncbi.nlm.nih.gov/pmc/articles/PMC8169601/,National Institutes of Health (NIH) (.gov)
7,Ask the Expert: Alternatives to Prescription Drugs,https://www.bannerhealth.com/staying-well/expert/alternatives-to-prescription-drugs,Banner Health
8,"GoodRx: Prescription Prices, Coupons & Pharmacy Information",https://www.goodrx.com/,GoodRx
9,Estimating Savings Opportunities From Therapeutic ...,https://jamanetwork.com/journals/jamanetworkopen/fullarticle/2798094,JAMA
