,title,link,source
0,I'm having trouble affording my prescription medication. ...,https://www.quora.com/Im-having-trouble-affording-my-prescription-medication-What-are-some-ways-that-I-can-get-help,Quora
1,How to find out how to get help with my expensive medication,https://www.quora.com/How-do-I-find-out-how-to-get-help-with-my-expensive-medication-I-cant-afford-to-pay-the-high-costs,Quora
2,Why are prescription drugs so expensive?,https://www.quora.com/Why-are-prescription-drugs-so-expensive-2,Quora
3,Why is medication so expensive in the United States?,https://www.quora.com/Why-is-medication-so-expensive-in-the-United-States,Quora
4,What are some reliable methods or resources to find ...,https://www.quora.com/What-are-some-reliable-methods-or-resources-to-find-medication-savings-and-reduce-the-costs-of-prescription-drugs,Quora
5,What can be done to make medicine and prescription ...,https://www.quora.com/What-can-be-done-to-make-medicine-and-prescription-drugs-less-expensive,Quora
6,Why are cheap to produce medicine so expensive?,https://www.quora.com/Why-are-cheap-to-produce-medicine-so-expensive,Quora
7,Why are prescription drug prices so high in the U.S. ...,https://www.quora.com/Why-are-prescription-drug-prices-so-high-in-the-U-S-compared-to-the-rest-of-the-world,Quora
8,What are some consequences of high list prices for ...,https://www.quora.com/What-are-some-consequences-of-high-list-prices-for-medicines,Quora
