,title,link,source
0,Paying for Prescriptions Made Easy: Seven Ideas to Help,https://www.gofundme.com/c/blog/paying-for-prescriptions,GoFundMe
1,How to Get Help Paying Unexpected Medical Bills,https://www.gofundme.com/c/blog/pay-medical-bills,GoFundMe
2,Find Financial Support With These 4 Medical Fundraising ...,https://www.gofundme.com/c/fundraising-tips/medical,GoFundMe
3,Get help with medical fundraising,https://www.gofundme.com/start/medical-fundraising,GoFundMe
4,How to Pay for Expensive Medical Treatments,https://www.gofundme.com/c/blog/expensive-medical-treatments,GoFundMe
5,Find Help For Out Of Pocket Medical Expenses,https://www.gofundme.com/c/blog/out-of-pocket-medical-expenses,GoFundMe
6,How to Get Help For Paying Unexpected Bills,https://www.gofundme.com/c/blog/how-to-get-help-with-bills,GoFundMe
7,Raise More Money with This Medical Crowdfunding Guide,https://www.gofundme.com/c/blog/medical-crowdfunding-guide,GoFundMe
8,GoFundMe has become a health care utility,https://fortune.com/well/2024/02/13/gofundme-has-become-a-health-care-utility/,Fortune
9,How to Ask for Help With Money in 5 Steps,https://www.gofundme.com/c/blog/how-to-ask-for-help-with-money,GoFundMe
