,title,link,source
0,Forum Discusses High Drug Prices In Wealthy Countries ...,https://healthpolicy-watch.news/drug-prices-in-high-income-countries-and-access-to-medicines-in-conflicts/,Health Policy Watch
1,Improving Prescription Drug Affordability Through ...,https://jamanetwork.com/journals/jama-health-forum/fullarticle/2795171,JAMA Network
2,High Investment Medications,https://www.amcp.org/Resource-Center/meeting-proceedings-findings/high-investment-medications,AMCP.org
3,2022 Rx Affordability Forums Report Final,https://pdab.maryland.gov/documents/stakeholders/2022_Rx_affordability_forums_rpt_final.pdf,Maryland Prescription Drug Affordability Board (.gov)
4,Sharp increases in drug costs draw hundreds to ...,https://www.washingtonpost.com/news/to-your-health/wp/2015/11/20/sharp-increases-in-drug-costs-draw-hundreds-to-government-forum/,Washington Post
5,High-Price Drugs,https://www.ahip.org/issues/high-cost-drugs,AHIP
6,Understanding Pharmaceutical Drug Costs - AAF,https://www.americanactionforum.org/research/understanding-pharmaceutical-drug-costs/,The American Action Forum
7,"Trends in Prescription Drug Spending, 2016-2021 - ASPE",https://aspe.hhs.gov/sites/default/files/documents/88c547c976e915fc31fe2c6903ac0bc9/sdp-trends-prescription-drug-spending.pdf,HHS.gov
8,Specialty Drugs a Focus at HHS Forum on High Drug Costs,https://www.medscape.com/viewarticle/854844,Medscape
