,title,link,source
0,4 Tips for When Insurance Doesn't Cover Your Medication,https://www.goodrx.com/insurance/health-insurance/drug-not-covered-insurance-tips-tactics,GoodRx
1,What To Do If Your Medication Is Not Covered By Insurance,https://khealth.com/learn/healthcare/medication-not-covered-by-insurance/,K Health
2,Health insurance not covering your medication? What to do,https://perks.optum.com/blog/what-to-do-when-a-medication-isnt-covered-by-insurance,Optum Perks
3,What to do if insurance doesn't cover your medication,https://www.insurance.com/health-insurance/drug-not-covered-insurance-tips,Insurance.com
4,Dealing with Your Medication Needs when Uninsured,https://www.patientadvocate.org/explore-our-resources/affordability/dealing-with-your-medication-needs-when-uninsured/,Patient Advocate Foundation
5,Getting prescription medications,https://www.healthcare.gov/using-marketplace-coverage/prescription-medications/,HealthCare.gov
6,Insurance Challenges with Medication,https://www.patientadvocate.org/explore-our-resources/interacting-with-your-insurer/insurance-challenges-with-medication/,Patient Advocate Foundation
7,5 ways to get help with prescription costs,https://www.medicare.gov/drug-coverage-part-d/costs-for-medicare-drug-coverage/costs-in-the-coverage-gap/5-ways-to-get-help-with-prescription-costs,Medicare (.gov)
8,How to Get Low-Cost or Free Prescriptions,https://www.webmd.com/health-insurance/get-medication-free,WebMD
