,title,link,source
0,What to Do When You Can't Afford Your Chronic Disease ...,https://www.news.sanofi.us/What-to-Do-When-You-Cant-Afford-Your-Chronic-Disease-Medication,Sanofi US Media Room
1,How to Get Low-Cost or Free Prescriptions,https://www.webmd.com/health-insurance/get-medication-free,WebMD
2,How can I get help paying for my prescriptions?,https://www.mhanational.org/how-can-i-get-help-paying-my-prescriptions,Mental Health America
3,What should I do if I can't afford my prescriptions?,https://nhhealthcost.nh.gov/guide/question/what-should-i-do-if-i-cant-afford-my-prescriptions,NH Health Cost (.gov)
4,What you can do if you can't afford your medication,https://nortonhealthcare.com/news/cant-afford-medication/,Norton Healthcare
5,5 ways to get help with prescription costs,https://www.medicare.gov/drug-coverage-part-d/costs-for-medicare-drug-coverage/costs-in-the-coverage-gap/5-ways-to-get-help-with-prescription-costs,Medicare (.gov)
6,Options for those who are having trouble affording drug costs,https://www.medicareinteractive.org/get-answers/cost-saving-programs-for-people-with-medicare/overview-of-cost-saving-programs/options-for-those-who-are-having-trouble-affording-drug-costs,Medicare Interactive
7,Managing Your Healthcare Costs,https://www.needymeds.org/PDF/Patient_Education_Booklet.pdf,NeedyMeds
