,title,link,source
0,What's the most expensive medication you have seen? ...,https://www.reddit.com/r/nursing/comments/146vpm9/whats_the_most_expensive_medication_you_have_seen/,Reddit · r/nursing
1,Why is it so expensive to get treated? : r/MentalHealthPH,https://www.reddit.com/r/MentalHealthPH/comments/17cy9xg/why_is_it_so_expensive_to_get_treated/,Reddit · r/MentalHealthPH
2,What's most expensive medication you've given? : r/nursing,https://www.reddit.com/r/nursing/comments/5rn8hg/whats_most_expensive_medication_youve_given/,Reddit · r/nursing
3,Medication is way too expensive and now I'm sad : r/ADHD,https://www.reddit.com/r/ADHD/comments/mmscwe/medication_is_way_too_expensive_and_now_im_sad/,Reddit · r/ADHD
4,My personal experience that drug prices are made up.,https://www.reddit.com/r/medicine/comments/nwuu0l/my_personal_experience_that_drug_prices_are_made/,Reddit · r/medicine
5,How expensive is your medication/therapy? : r/bipolar,https://www.reddit.com/r/bipolar/comments/17lik6w/how_expensive_is_your_medicationtherapy/,Reddit · r/bipolar
6,"LPT: If your prescription is expensive, check with other ...",https://www.reddit.com/r/LifeProTips/comments/18qhauc/lpt_if_your_prescription_is_expensive_check_with/,Reddit · r/LifeProTips
7,Why meds are so expensive?? Can people live without them,https://www.reddit.com/r/ADHD/comments/118vm2p/why_meds_are_so_expensive_can_people_live_without/,Reddit · r/ADHD
8,Frustrating encounters with outpatient docs who prescribe ...,https://www.reddit.com/r/medicine/comments/8vk4ds/frustrating_encounters_with_outpatient_docs_who/,Reddit · r/medicine
9,cried for an hour because of how expensive therapy and ...,https://www.reddit.com/r/MentalHealthPH/comments/nd2ans/cried_for_an_hour_because_of_how_expensive/,Reddit · r/MentalHealthPH
