,title,link,source
0,Paying for Prescriptions Made Easy: Seven Ideas to Help,https://www.gofundme.com/c/blog/paying-for-prescriptions,GoFundMe
1,How to Pay for Expensive Medical Treatments,https://www.gofundme.com/c/blog/expensive-medical-treatments,GoFundMe
2,Find Financial Support With These 4 Medical Fundraising ...,https://www.gofundme.com/c/fundraising-tips/medical,GoFundMe
3,Get help with medical fundraising,https://www.gofundme.com/start/medical-fundraising,GoFundMe
4,Raise More Money with This Medical Crowdfunding Guide,https://www.gofundme.com/c/blog/medical-crowdfunding-guide,GoFundMe
5,Find Help For Out Of Pocket Medical Expenses,https://www.gofundme.com/c/blog/out-of-pocket-medical-expenses,GoFundMe
6,Help with costs of medications and monthly bills,https://www.gofundme.com/f/cover-costs-of-medications-and-monthly-bills,GoFundMe
7,Medication cost for Charleigh,https://www.gofundme.com/f/medication-cost-for-charleigh,GoFundMe
8,How to Get Help Paying Unexpected Medical Bills,https://www.gofundme.com/c/blog/pay-medical-bills,GoFundMe
9,To help cover costs medication and travel expenses,https://www.gofundme.com/f/cover-costs-for-medication-travel-expenses,GoFundMe
