,title,link,source
0,What you can do if you can't afford your medication,https://nortonhealthcare.com/news/cant-afford-medication/,Norton Healthcare
1,Americans Can't Afford Their Prescription Medications: CDC,https://www.businessinsider.com/americans-cant-afford-their-prescription-medications-cdc-2023-6,Business Insider
2,Prescriptions,https://211md.org/resources/health-care/prescriptions/,211 Maryland
3,5 ways to get help with prescription costs,https://www.medicare.gov/drug-coverage-part-d/costs-for-medicare-drug-coverage/costs-in-the-coverage-gap/5-ways-to-get-help-with-prescription-costs,Medicare (.gov)
4,Prescription Assistance,https://www.needymeds.org/pap,NeedyMeds
5,High drug prices mean you can't afford your medications? ...,https://www.usatoday.com/story/money/personalfinance/2016/02/02/high-drug-prices-help-afford-medications/79201120/,USA Today
6,LA County Department of Public Health,http://publichealth.lacounty.gov/hccp/affordmeds.htm,COUNTY OF LOS ANGELES (.gov)
7,Poll: Nearly 1 in 4 Americans Taking Prescription Drugs ...,https://www.kff.org/health-costs/press-release/poll-nearly-1-in-4-americans-taking-prescription-drugs-say-its-difficult-to-afford-medicines-including-larger-shares-with-low-incomes/,KFF
8,How to Get Low-Cost or Free Prescriptions,https://www.webmd.com/health-insurance/get-medication-free,WebMD
