,title,link,source
0,How are medications and drugs so expensive in America ...,https://www.reddit.com/r/AskReddit/comments/w48qbo/how_are_medications_and_drugs_so_expensive_in/,Reddit · r/AskReddit
1,Tips for patients to cope with crazy drug prices : r/medicine,https://www.reddit.com/r/medicine/comments/xmr3fx/tips_for_patients_to_cope_with_crazy_drug_prices/,Reddit · r/medicine
2,ELI5: Why are prescription drugs so expensive in the US ...,https://www.reddit.com/r/explainlikeimfive/comments/2t8886/eli5_why_are_prescription_drugs_so_expensive_in/,Reddit · r/explainlikeimfive
3,What keeps the price of medicine high in the US?,https://www.reddit.com/r/NoStupidQuestions/comments/v8cd3i/what_keeps_the_price_of_medicine_high_in_the_us/,Reddit · r/NoStupidQuestions
4,"LPT: If your prescription is expensive, check with other ...",https://www.reddit.com/r/LifeProTips/comments/18qhauc/lpt_if_your_prescription_is_expensive_check_with/,Reddit · r/LifeProTips
5,Why are drug prices so high in the U.S. and what can ...,https://www.reddit.com/r/PoliticalDiscussion/comments/18zr1fo/why_are_drug_prices_so_high_in_the_us_and_what/,Reddit · r/PoliticalDiscussion
6,What's the most expensive medication you have seen? ...,https://www.reddit.com/r/nursing/comments/146vpm9/whats_the_most_expensive_medication_you_have_seen/,Reddit · r/nursing
7,Why are meds so expensive in the US?,https://www.reddit.com/r/NoStupidQuestions/comments/10z5lqq/why_are_meds_so_expensive_in_the_us/,Reddit · r/NoStupidQuestions
8,Medication is way too expensive and now I'm sad : r/ADHD,https://www.reddit.com/r/ADHD/comments/mmscwe/medication_is_way_too_expensive_and_now_im_sad/,Reddit · r/ADHD
9,How does anyone afford proper medication?,https://www.reddit.com/r/povertyfinance/comments/13k9bq4/how_does_anyone_afford_proper_medication/,Reddit · r/povertyfinance
