,title,link,source
0,LPT: In America and can't afford medication? Most ...,https://www.reddit.com/r/LifeProTips/comments/eps1k3/lpt_in_america_and_cant_afford_medication_most/,Reddit · r/LifeProTips
1,"YSK that if you need help affording medications, many ...",https://www.reddit.com/r/YouShouldKnow/comments/b1y0g0/ysk_that_if_you_need_help_affording_medications/,Reddit · r/YouShouldKnow
2,Help with medication cost : r/Assistance,https://www.reddit.com/r/Assistance/comments/195gn7m/help_with_medication_cost/,Reddit · r/Assistance
3,YSK that if you live in the US and you are having trouble ...,https://www.reddit.com/r/YouShouldKnow/comments/calns4/ysk_that_if_you_live_in_the_us_and_you_are_having/,Reddit · r/YouShouldKnow
4,Need help with MS medication cost : r/Assistance,https://www.reddit.com/r/Assistance/comments/13gocf5/need_help_with_ms_medication_cost/,Reddit · r/Assistance
5,"LPT: If you can't afford your medication, try these resources ...",https://www.reddit.com/r/LifeProTips/comments/i6kymp/lpt_if_you_cant_afford_your_medication_try_these/,Reddit · r/LifeProTips
6,Patient Assistance programs : r/healthcare,https://www.reddit.com/r/healthcare/comments/x5aue6/patient_assistance_programs/,Reddit · r/healthcare
7,Free prescription med program : r/ADHD,https://www.reddit.com/r/ADHD/comments/10jzgq0/free_prescription_med_program/,Reddit · r/ADHD
8,"Patient Assistance Programs, Prescription Savings Cards ...",https://www.reddit.com/r/pharmacy/comments/3sur3f/confusedcurious_patient_assistance_programs/,Reddit · r/pharmacy
