,title,link,source
0,"LPT: If you can't afford your medication, try these resources ...",https://www.reddit.com/r/LifeProTips/comments/i6kymp/lpt_if_you_cant_afford_your_medication_try_these/,Reddit · r/LifeProTips
1,"YSK that if you need help affording medications, many ...",https://www.reddit.com/r/YouShouldKnow/comments/b1y0g0/ysk_that_if_you_need_help_affording_medications/,Reddit · r/YouShouldKnow
2,LPT: In America and can't afford medication? Most ...,https://www.reddit.com/r/LifeProTips/comments/eps1k3/lpt_in_america_and_cant_afford_medication_most/,Reddit · r/LifeProTips
3,How does anyone afford proper medication?,https://www.reddit.com/r/povertyfinance/comments/13k9bq4/how_does_anyone_afford_proper_medication/,Reddit · r/povertyfinance
4,When patients can't afford their lifesaving medication,https://www.reddit.com/r/TalesFromThePharmacy/comments/sq6np7/when_patients_cant_afford_their_lifesaving/,Reddit · r/TalesFromThePharmacy
5,"LPT: If you can't afford a medication or are uninsured, call ...",https://www.reddit.com/r/LifeProTips/comments/qkl2h7/lpt_if_you_cant_afford_a_medication_or_are/,Reddit · r/LifeProTips
6,YSK that if you live in the US and you are having trouble ...,https://www.reddit.com/r/YouShouldKnow/comments/calns4/ysk_that_if_you_live_in_the_us_and_you_are_having/,Reddit · r/YouShouldKnow
7,Do you need help affording your medication?,https://www.reddit.com/r/povertyfinance/comments/11f78my/do_you_need_help_affording_your_medication/,Reddit · r/povertyfinance
8,Need help affording medications : r/Donation,https://www.reddit.com/r/Donation/comments/15h02c6/need_help_affording_medications/,Reddit
9,i need help affording my meds : r/needadvice,https://www.reddit.com/r/needadvice/comments/swg3f3/i_need_help_affording_my_meds/,Reddit
