,title,link,source
0,Poll: Nearly 1 in 4 Americans Taking Prescription Drugs ...,https://www.kff.org/health-costs/press-release/poll-nearly-1-in-4-americans-taking-prescription-drugs-say-its-difficult-to-afford-medicines-including-larger-shares-with-low-incomes/,KFF
1,Americans Can't Afford Their Prescription Medications: CDC,https://www.businessinsider.com/americans-cant-afford-their-prescription-medications-cdc-2023-6,Business Insider
2,Public Opinion on Prescription Drugs and Their Prices,https://www.kff.org/health-costs/poll-finding/public-opinion-on-prescription-drugs-and-their-prices/,KFF
3,Medication adherence and characteristics of patients who ...,https://www.ncbi.nlm.nih.gov/pmc/articles/PMC8824724/,National Institutes of Health (NIH) (.gov)
4,Affordable prescription drugs exist — why can't more ...,https://thehill.com/opinion/congress-blog/4312003-affordable-prescription-drugs-exist-why-cant-more-patients-access-them/,The Hill
5,Health informatics interventions to minimize out-of-pocket ...,https://www.ncbi.nlm.nih.gov/pmc/articles/PMC8903137/,National Institutes of Health (NIH) (.gov)
6,Improving Prescription Drug Affordability Through ...,https://jamanetwork.com/journals/jama-health-forum/fullarticle/2795171,JAMA
7,Breaking Down Barriers to Access and Affordability of ...,https://altruix.com/the-pharmacys-role-in-breaking-down-barriers-to-access-and-affordability-of-medications/,Altruix
8,Prescription Drug Affordability among Medicare Beneficiaries,https://aspe.hhs.gov/sites/default/files/documents/1e2879846aa54939c56efeec9c6f96f0/prescription-drug-affordability.pdf,HHS.gov
9,Barriers to Ensuring Access to Affordable Prescription Drugs,https://www.annualreviews.org/doi/10.1146/annurev-pharmtox-010919-023518,Annual Reviews
