,title,link,source
0,Hiding in Plain Sight: Surprising Pharma and Biotech ... - NCBI,https://www.ncbi.nlm.nih.gov/pmc/articles/PMC9302569/,National Institutes of Health (NIH) (.gov)
1,Comparison of Research Spending on New Drug ... - NCBI,https://www.ncbi.nlm.nih.gov/pmc/articles/PMC10148199/,National Institutes of Health (NIH) (.gov)
2,Accelerating Medicines Partnership (AMP),https://www.nih.gov/research-training/accelerating-medicines-partnership-amp,National Institutes of Health (NIH) (.gov)
3,New study shows NIH investment in new drug approvals is ...,https://www.bentley.edu/news/new-study-shows-nih-investment-new-drug-approvals-comparable-investment-pharmaceutical,Bentley University
4,Five more pharmaceutical companies join NIH initiative to ...,https://www.nih.gov/news-events/news-releases/five-more-pharmaceutical-companies-join-nih-initiative-speed-therapeutic-discovery,National Institutes of Health (NIH) (.gov)
5,How Biopharma Companies Use NIH and Vice Versa,https://www.raps.org/News-and-Articles/News-Articles/2019/4/How-Biopharma-Companies-Use-NIH-and-Vice-Versa,Regulatory Affairs Professionals Society | RAPS
6,Comparison of Research Spending on New Drug ...,https://jamanetwork.com/journals/jama-health-forum/fullarticle/2804378,JAMA
7,NEWS: New Report Shows How Badly Big Pharma Is ...,https://www.sanders.senate.gov/press-releases/news-new-report-shows-how-badly-big-pharma-is-ripping-off-american-people-with-publicly-funded-medications/,Senator Bernie Sanders (.gov)
8,Top 10 Pharm Country Companies to Receive NIH ...,https://www.biospace.com/article/top-10-pharm-country-companies-to-receive-nih-funding-in-2020/,BioSpace
9,The Relative Contributions of NIH and Private Sector Funding ...,https://www.ncbi.nlm.nih.gov/pmc/articles/PMC9440766/,National Institutes of Health (NIH) (.gov)
