,title,link,source
0,The high cost of prescription drugs: causes and solutions,https://www.ncbi.nlm.nih.gov/pmc/articles/PMC7311400/,National Institutes of Health (NIH) (.gov)
1,NEWS: New Report Shows How Badly Big Pharma Is ...,https://www.sanders.senate.gov/press-releases/news-new-report-shows-how-badly-big-pharma-is-ripping-off-american-people-with-publicly-funded-medications/,Senator Bernie Sanders (.gov)
2,High Drug Prices: So Who Is to Blame? - PMC,https://www.ncbi.nlm.nih.gov/pmc/articles/PMC5278914/,National Institutes of Health (NIH) (.gov)
3,Spending on Phased Clinical Development of Approved ...,https://jamanetwork.com/journals/jama-health-forum/fullarticle/2807184,JAMA
4,The Obscure NIH Official Blocking Lower Drug Prices,https://prospect.org/health/2023-06-23-nih-official-blocking-lower-drug-prices/,The American Prospect
5,Sen. Sanders pushes NIH to rein in drug prices,https://www.npr.org/sections/health-shots/2023/11/17/1213612489/sen-sanders-pushes-nih-to-rein-in-drug-prices,NPR
6,WATCH: Biden delivers remarks on lowering prescription ...,https://www.pbs.org/newshour/politics/watch-live-biden-delivers-remarks-on-lowering-prescription-drug-prices-during-visit-to-nih,PBS
7,Prescription Drugs | Health Policy Institute,https://hpi.georgetown.edu/rxdrugs/,Health Policy Institute | Georgetown University
8,Comparison of Research Spending on New Drug ...,https://jamanetwork.com/journals/jama-health-forum/fullarticle/2804378,JAMA
9,Research and Development in the Pharmaceutical Industry,https://www.cbo.gov/publication/57126,Congressional Budget Office (.gov)
