,title,link,source
0,"Drug Shortage: Causes, Impact, and Mitigation Strategies",https://www.ncbi.nlm.nih.gov/pmc/articles/PMC8299364/,National Institutes of Health (NIH) (.gov)
1,Consumption and Lack of Access to Medicines ...,https://www.ncbi.nlm.nih.gov/pmc/articles/PMC7573467/,National Institutes of Health (NIH) (.gov)
2,Challenges to the Availability and Affordability of Essential ...,https://www.ncbi.nlm.nih.gov/pmc/articles/PMC10276598/,National Institutes of Health (NIH) (.gov)
3,The Burden of Unavailable Drugs Cost to Patients Admitted ...,https://www.ncbi.nlm.nih.gov/pmc/articles/PMC8374847/,National Institutes of Health (NIH) (.gov)
4,Challenges of access to medicine and the responsibility ...,https://www.ncbi.nlm.nih.gov/pmc/articles/PMC4855755/,National Institutes of Health (NIH) (.gov)
5,What impact does medicines shortages have on patients? ...,https://www.ncbi.nlm.nih.gov/pmc/articles/PMC8369330/,National Institutes of Health (NIH) (.gov)
6,The impacts of medication shortages on patient outcomes,https://www.ncbi.nlm.nih.gov/pmc/articles/PMC6499468/,National Institutes of Health (NIH) (.gov)
7,The patient's medication access journey: a conceptual ...,https://www.ncbi.nlm.nih.gov/pmc/articles/PMC10391227/,National Institutes of Health (NIH) (.gov)
8,Access to medicines through health systems in low,https://www.ncbi.nlm.nih.gov/pmc/articles/PMC6901066/,National Institutes of Health (NIH) (.gov)
9,Patients' Coping Behaviors to Unavailability of Essential ...,https://www.ncbi.nlm.nih.gov/pmc/articles/PMC7947706/,National Institutes of Health (NIH) (.gov)
