,title,link,source
0,The high cost of prescription drugs: causes and solutions,https://www.ncbi.nlm.nih.gov/pmc/articles/PMC7311400/,National Institutes of Health (NIH) (.gov)
1,NEWS: New Report Shows How Badly Big Pharma Is ...,https://www.sanders.senate.gov/press-releases/news-new-report-shows-how-badly-big-pharma-is-ripping-off-american-people-with-publicly-funded-medications/,Senator Bernie Sanders (.gov)
2,The High Cost of Prescription Drugs in the United States,https://pubmed.ncbi.nlm.nih.gov/27552619/,National Institutes of Health (NIH) (.gov)
3,FACT SHEET: President Biden Takes New Steps to Lower ...,https://www.whitehouse.gov/briefing-room/statements-releases/2024/03/06/fact-sheet-president-biden-takes-new-steps-to-lower-prescription-drug-and-health-care-costs-expand-access-to-health-care-and-protect-consumers/,The White House (.gov)
4,The Obscure NIH Official Blocking Lower Drug Prices,https://prospect.org/health/2023-06-23-nih-official-blocking-lower-drug-prices/,The American Prospect
5,Prescription Drug Spending in the U.S. Health Care System,https://www.actuary.org/content/prescription-drug-spending-us-health-care-system,American Academy of Actuaries
6,Sen. Sanders pushes NIH to rein in drug prices,https://www.npr.org/sections/health-shots/2023/11/17/1213612489/sen-sanders-pushes-nih-to-rein-in-drug-prices,NPR
7,Strategies Used by Adults Aged 18–64 to Reduce Their ...,https://www.cdc.gov/nchs/products/databriefs/db333.htm,Centers for Disease Control and Prevention (.gov)
8,Biden to tout efforts to lower prescription drug costs in NIH ...,https://thehill.com/policy/healthcare/4359195-biden-to-tout-efforts-to-lower-prescription-drug-costs-in-nih-visit/,The Hill
9,Prescription Drugs | Health Policy Institute,https://hpi.georgetown.edu/rxdrugs/,Health Policy Institute | Georgetown University
