,title,link,source
0,"Drug Shortage: Causes, Impact, and Mitigation Strategies",https://www.ncbi.nlm.nih.gov/pmc/articles/PMC8299364/,National Institutes of Health (NIH) (.gov)
1,Consumption and Lack of Access to Medicines ...,https://www.ncbi.nlm.nih.gov/pmc/articles/PMC7573467/,National Institutes of Health (NIH) (.gov)
2,What impact does medicines shortages have on patients? ...,https://www.ncbi.nlm.nih.gov/pmc/articles/PMC8369330/,National Institutes of Health (NIH) (.gov)
3,The impacts of medication shortages on patient outcomes,https://www.ncbi.nlm.nih.gov/pmc/articles/PMC6499468/,National Institutes of Health (NIH) (.gov)
4,Access to medicines through health systems in low,https://www.ncbi.nlm.nih.gov/pmc/articles/PMC6901066/,National Institutes of Health (NIH) (.gov)
5,Impact of medicine shortages on patients - a framework ...,https://www.ncbi.nlm.nih.gov/pmc/articles/PMC9670055/,National Institutes of Health (NIH) (.gov)
6,NIH launches harm reduction research network to prevent ...,https://nida.nih.gov/news-events/news-releases/2022/12/nih-launches-harm-reduction-research-network-to-prevent-overdose-fatalities,National Institute on Drug Abuse (NIDA) (.gov)
7,Unavailability of Outpatient Medications: Examples and ...,https://www.ncbi.nlm.nih.gov/pmc/articles/PMC5998415/,National Institutes of Health (NIH) (.gov)
8,NIDA.NIH.GOV | National Institute on Drug Abuse (NIDA),https://nida.nih.gov/,National Institute on Drug Abuse (NIDA) (.gov)
9,Contribution of NIH funding to new drug approvals 2010 ...,https://www.pnas.org/doi/10.1073/pnas.1715368115,PNAS
