,title,link,source
0,The patient's medication access journey: a conceptual ...,https://www.ncbi.nlm.nih.gov/pmc/articles/PMC10391227/,National Institutes of Health (NIH) (.gov)
1,Consumption and Lack of Access to Medicines ...,https://www.ncbi.nlm.nih.gov/pmc/articles/PMC7573467/,National Institutes of Health (NIH) (.gov)
2,Patient Medication Adherence: Measures in Daily Practice,https://www.ncbi.nlm.nih.gov/pmc/articles/PMC3191684/,National Institutes of Health (NIH) (.gov)
3,Access to medicines through health systems in low,https://www.ncbi.nlm.nih.gov/pmc/articles/PMC6901066/,National Institutes of Health (NIH) (.gov)
4,Medication Adherence: Helping Patients Take Their ...,https://www.ncbi.nlm.nih.gov/pmc/articles/PMC3234383/,National Institutes of Health (NIH) (.gov)
5,The Unmet Challenge of Medication Nonadherence - PMC,https://www.ncbi.nlm.nih.gov/pmc/articles/PMC6045499/,National Institutes of Health (NIH) (.gov)
6,Patients' Coping Behaviors to Unavailability of Essential ...,https://www.ncbi.nlm.nih.gov/pmc/articles/PMC7947706/,National Institutes of Health (NIH) (.gov)
7,Factors Contributing to Medication Adherence in Patients ...,https://www.ncbi.nlm.nih.gov/pmc/articles/PMC8309154/,National Institutes of Health (NIH) (.gov)
8,Challenges to the Availability and Affordability of Essential ...,https://www.ncbi.nlm.nih.gov/pmc/articles/PMC10276598/,National Institutes of Health (NIH) (.gov)
9,Medication Adherence: WHO Cares? - PMC,https://www.ncbi.nlm.nih.gov/pmc/articles/PMC3068890/,National Institutes of Health (NIH) (.gov)
