,title,link,source
0,Factors Influencing Affordability - Making Medicines ...,https://www.ncbi.nlm.nih.gov/books/NBK493090/,National Institutes of Health (NIH) (.gov)
1,A comparison between the effects of drug costs and share ...,https://www.ncbi.nlm.nih.gov/pmc/articles/PMC8341252/,National Institutes of Health (NIH) (.gov)
2,Factors Impacting Pharmaceutical Prices and Affordability,https://www.ncbi.nlm.nih.gov/pmc/articles/PMC7838942/,National Institutes of Health (NIH) (.gov)
3,A New Measure of Medication Affordability - PMC,https://www.ncbi.nlm.nih.gov/pmc/articles/PMC2893303/,National Institutes of Health (NIH) (.gov)
4,Determining the prevalence and risk factors for prescription ...,https://pubmed.ncbi.nlm.nih.gov/34219017/,National Institutes of Health (NIH) (.gov)
5,Establishing prescription drug affordability as a new vital ...,https://www.ncbi.nlm.nih.gov/pmc/articles/PMC10548993/,National Institutes of Health (NIH) (.gov)
6,Biomedical Research: NIH Should Publicly Report More ...,https://www.gao.gov/products/gao-21-52,Government Accountability Office (GAO) (.gov)
7,Prescription Drug Affordability among Medicare Beneficiaries,https://aspe.hhs.gov/sites/default/files/documents/1e2879846aa54939c56efeec9c6f96f0/prescription-drug-affordability.pdf,HHS.gov
8,Lowering drug prices and enhancing pharmaceutical ...,https://www.ncbi.nlm.nih.gov/pmc/articles/PMC8438819/,National Institutes of Health (NIH) (.gov)
9,The Affordability Conundrum - Making Medicines Affordable,https://www.ncbi.nlm.nih.gov/books/NBK493099/,National Institutes of Health (NIH) (.gov)
