,title,link,source
0,"The concepts of health inequality, disparities and equity in ...",https://www.ncbi.nlm.nih.gov/pmc/articles/PMC7521436/,National Institutes of Health (NIH) (.gov)
1,The State of Health Disparities in the United States,https://www.ncbi.nlm.nih.gov/books/NBK425844/,National Institutes of Health (NIH) (.gov)
2,National Institute on Minority Health and Health Disparities,https://www.nimhd.nih.gov/,National Institute on Minority Health and Health Disparities (.gov)
3,"Health Disparities: Gaps in Access, Quality and ...",https://www.ncbi.nlm.nih.gov/pmc/articles/PMC3540621/,National Institutes of Health (NIH) (.gov)
4,NIH-funded study highlights the financial toll of health ...,https://www.nih.gov/news-events/news-releases/nih-funded-study-highlights-financial-toll-health-disparities-united-states,National Institutes of Health (NIH) (.gov)
5,The Root Causes of Health Inequity - Communities in Action,https://www.ncbi.nlm.nih.gov/books/NBK425845/,National Institutes of Health (NIH) (.gov)
6,Health Equity,https://www.nimhd.nih.gov/resources/understanding-health-disparities/health-equity.html,National Institute on Minority Health and Health Disparities (.gov)
7,Overview,https://www.nimhd.nih.gov/about/overview/,National Institute on Minority Health and Health Disparities (.gov)
8,What Are Health Disparities and Health Equity? We Need ...,https://www.ncbi.nlm.nih.gov/pmc/articles/PMC3863701/,National Institutes of Health (NIH) (.gov)
