,title,link,source
0,The patient's medication access journey: a conceptual ...,https://www.ncbi.nlm.nih.gov/pmc/articles/PMC10391227/,National Institutes of Health (NIH) (.gov)
1,Utilizing clinical pharmacists and a medication assistance ...,https://www.ncbi.nlm.nih.gov/pmc/articles/PMC9793302/,National Institutes of Health (NIH) (.gov)
2,Does access to free medication reduce health system costs ...,https://www.ncbi.nlm.nih.gov/pmc/articles/PMC10387945/,National Institutes of Health (NIH) (.gov)
3,Barriers Associated with Access to Prescription ...,https://www.ncbi.nlm.nih.gov/pmc/articles/PMC9326716/,National Institutes of Health (NIH) (.gov)
4,The patient's medication access journey: a conceptual ...,https://pubmed.ncbi.nlm.nih.gov/34818095/,National Institutes of Health (NIH) (.gov)
5,Medication-Related Outcomes and Health Equity,https://www.ncbi.nlm.nih.gov/pmc/articles/PMC10037618/,National Institutes of Health (NIH) (.gov)
6,Consumption and Lack of Access to Medicines ...,https://www.ncbi.nlm.nih.gov/pmc/articles/PMC7573467/,National Institutes of Health (NIH) (.gov)
7,Access to medicines through health systems in low,https://www.ncbi.nlm.nih.gov/pmc/articles/PMC6901066/,National Institutes of Health (NIH) (.gov)
8,Measuring access to medicines: a review of quantitative ...,https://www.ncbi.nlm.nih.gov/pmc/articles/PMC2890644/,National Institutes of Health (NIH) (.gov)
9,Patient Medication Adherence: Measures in Daily Practice,https://www.ncbi.nlm.nih.gov/pmc/articles/PMC3191684/,National Institutes of Health (NIH) (.gov)
