,title,link,source
0,Drug Pricing Transparency: The New Retail Revolution,https://www.ncbi.nlm.nih.gov/pmc/articles/PMC5345916/,National Institutes of Health (NIH) (.gov)
1,National trends in prescription drug expenditures and ...,https://pubmed.ncbi.nlm.nih.gov/37094296/,National Institutes of Health (NIH) (.gov)
2,Sen. Sanders pushes NIH to rein in drug prices,https://www.npr.org/sections/health-shots/2023/11/17/1213612489/sen-sanders-pushes-nih-to-rein-in-drug-prices,NPR
3,Determinants of drug prices: a systematic review ...,https://www.ncbi.nlm.nih.gov/pmc/articles/PMC8287090/,National Institutes of Health (NIH) (.gov)
4,"How to Reduce Prescription Drug Prices: First, Do No Harm",https://www.ncbi.nlm.nih.gov/pmc/articles/PMC7023937/,National Institutes of Health (NIH) (.gov)
5,The Obscure NIH Official Blocking Lower Drug Prices,https://prospect.org/health/2023-06-23-nih-official-blocking-lower-drug-prices/,The American Prospect
6,NIH director takes cautious approach to Biden drug pricing ...,https://www.statnews.com/2024/01/16/nih-director-biden-drug-prices/,statnews.com
7,The benefits of more government interference in ...,https://www.ncbi.nlm.nih.gov/pmc/articles/PMC10297769/,National Institutes of Health (NIH) (.gov)
8,WATCH: Biden delivers remarks on lowering prescription ...,https://www.pbs.org/newshour/politics/watch-live-biden-delivers-remarks-on-lowering-prescription-drug-prices-during-visit-to-nih,PBS
9,NEWS: New Report Shows How Badly Big Pharma Is ...,https://www.help.senate.gov/chair/newsroom/press/news-new-report-shows-how-badly-big-pharma-is-ripping-off-american-people-with-publicly-funded-medications,"Senate Committee on Health, Education, Labor and Pensions (.gov)"
